"","chr","start","end","strand","pvalue","qvalue","meth.diff"
"14999","NC_035781.1",52719001,52720000,"*",2.31040541911094e-16,9.06721599226943e-15,56.25
"29458","NC_035783.1",20595001,20596000,"*",2.81409603385729e-42,1.3486619617007e-39,-60.9126984126984
"29490","NC_035783.1",20710001,20711000,"*",2.8206364209303e-69,4.41933457150786e-66,62.4563046532141
"30797","NC_035783.1",31084001,31085000,"*",7.99756696928501e-28,1.26276140517443e-25,-52.7954087327369
"67237","NC_035788.1",74813001,74814000,"*",1.58518967047644e-08,1.51762610917206e-07,51.0492332526231
